Workbook

Sheet Podsumowanie
A1: Automatyzacja prototypu – podsumowanie
A2: Stan na 21.10.2026. Kolumny E–I liczą się automatycznie z arkusza Działania (statusy zmieniasz tam).
A4: Nr | B4: Problem | C4: Pełna automatyzacja? | D4: Co zostaje człowiekowi | E4: Liczba działań | F4: W pełni automatyczne | G4: % w pełni automatycznych | H4: Zrobione | I4: Postęp
A5: 1 | B5: ELI API na żywo | C5: Tak | D5: Reakcja na alarm przy zmianie schematu API | E5: =COUNTIF(Działania!$B$5:$B$60,B5) -> 8 | F5: =COUNTIFS(Działania!$B$5:$B$60,B5,Działania!$E$5:$E$60,"Pełna") -> 8 | G5: =IF(E5=0,0,F5/E5) -> 1 | H5: =COUNTIFS(Działania!$B$5:$B$60,B5,Działania!$G$5:$G$60,"Zrobione") -> 5 | I5: =IF(E5=0,0,H5/E5) -> 0.625
A6: 2 | B6: Ręcznie wpisany tekst prawa | C6: Tak | D6: Ocena przepisów przejściowych | E6: =COUNTIF(Działania!$B$5:$B$60,B6) -> 4 | F6: =COUNTIFS(Działania!$B$5:$B$60,B6,Działania!$E$5:$E$60,"Pełna") -> 3 | G6: =IF(E6=0,0,F6/E6) -> 0.75 | H6: =COUNTIFS(Działania!$B$5:$B$60,B6,Działania!$G$5:$G$60,"Zrobione") -> 4 | I6: =IF(E6=0,0,H6/E6) -> 1
A7: 3 | B7: Trafność wyszukiwania | C7: Tak | D7: Nic | E7: =COUNTIF(Działania!$B$5:$B$60,B7) -> 4 | F7: =COUNTIFS(Działania!$B$5:$B$60,B7,Działania!$E$5:$E$60,"Pełna") -> 4 | G7: =IF(E7=0,0,F7/E7) -> 1 | H7: =COUNTIFS(Działania!$B$5:$B$60,B7,Działania!$G$5:$G$60,"Zrobione") -> 3 | I7: =IF(E7=0,0,H7/E7) -> 0.75
A8: 4 | B8: Kreator | C8: Częściowo | D8: Zatwierdzenie gałęzi z rozstrzygnięciem | E8: =COUNTIF(Działania!$B$5:$B$60,B8) -> 2 | F8: =COUNTIFS(Działania!$B$5:$B$60,B8,Działania!$E$5:$E$60,"Pełna") -> 1 | G8: =IF(E8=0,0,F8/E8) -> 0.5 | H8: =COUNTIFS(Działania!$B$5:$B$60,B8,Działania!$G$5:$G$60,"Zrobione") -> 1 | I8: =IF(E8=0,0,H8/E8) -> 0.5
A9: 5 | B9: Treści redakcyjne | C9: Częściowo | D9: Merytoryczny przegląd i odpowiedzialność redakcyjna | E9: =COUNTIF(Działania!$B$5:$B$60,B9) -> 8 | F9: =COUNTIFS(Działania!$B$5:$B$60,B9,Działania!$E$5:$E$60,"Pełna") -> 4 | G9: =IF(E9=0,0,F9/E9) -> 0.5 | H9: =COUNTIFS(Działania!$B$5:$B$60,B9,Działania!$G$5:$G$60,"Zrobione") -> 5 | I9: =IF(E9=0,0,H9/E9) -> 0.625
B10: Razem | E10: =SUM(E5:E9) -> 26 | F10: =SUM(F5:F9) -> 20 | G10: =IF(E10=0,0,F10/E10) -> 0.76923077 | H10: =SUM(H5:H9) -> 18 | I10: =IF(E10=0,0,H10/E10) -> 0.69230769
A12: Zacznij od: | B12: ELI API na żywo – bez prawdziwych odpowiedzi ELI nie da się wymienić tekstu prawa ani zmierzyć trafności na realnych danych.
A13: Decyzja: | B13: Pełna automatyzacja czy warstwa z przeglądem to decyzja operatora (punkt „model odpowiedzialności” w docs/stan-prac.md).

Sheet Działania
A1: Działania automatyzacji prototypu
A2: Uzupełniaj tylko żółte kolumny: Status (wybór z listy) i Właściciel. Pozostałe kolumny pochodzą z analizy z 21.10.2026.
A4: ID | B4: Obszar | C4: Działanie | D4: Rola człowieka | E4: Automatyzacja | F4: Zależy od | G4: Status | H4: Właściciel | I4: Uwagi
A5: 1.1 | B5: ELI API na żywo | C5: Zaplanowany workflow w CI (np. GitHub Actions, codziennie) uruchamia `cli eli-record` dla aktów z manifestu i zapisuje odpowiedzi jako fixtures. | D5: Brak | E5: Pełna | G5: Zrobione | I5: Od tego zacząć – blokuje wymianę tekstu prawa i pomiar trafności.
A6: 1.2 | B6: ELI API na żywo | C6: Testy kontraktu na nagranych odpowiedziach; gdy odpowiedzi się zmieniły, a testy przechodzą, bot sam otwiera i scala PR z nowymi danymi. | D6: Brak | E6: Pełna | F6: 1.1 | G6: W toku
A7: 1.3 | B7: ELI API na żywo | C7: Gdy testy padają: synchronizacja produkcyjna się wstrzymuje, a karty pokazują „nie potwierdzono aktualności”. | D7: Reakcja na alarm przy zmianie schematu API | E7: Pełna | F7: 1.2 | G7: Zrobione
A8: 1.4 | B8: ELI API na żywo | C8: Modele danych generowane ze specyfikacji OpenAPI Kancelarii Sejmu; walidacja każdej odpowiedzi, w tym pola `legalStatusDate`. | D8: Brak | E8: Pełna | F8: 1.1 | G8: W toku
A9: 1.5 | B9: ELI API na żywo | C9: Test zamkniętego słownika `REFERENCE_ROLES`: każdy klucz powiązania musi być znany; nieznany klucz = alarm i status „nie potwierdzono”. | D9: Reakcja na alarm | E9: Pełna | F9: 1.1 | G9: Zrobione
A10: 1.6 | B10: ELI API na żywo | C10: Test parsera HTML na wszystkich nagranych tekstach z progiem jakości; akt poniżej progu trafia na ścieżkę „tylko PDF, do kontroli”. | D10: Kontrola wyniku z PDF | E10: Pełna | F10: 1.1 | G10: Zrobione
A11: 1.7 | B11: ELI API na żywo | C11: Dopisać `api.sejm.gov.pl` do dozwolonych domen środowiska Claude Code, żeby agent mógł nagrywać odpowiedzi sam. | D11: Jednorazowa zmiana ustawień | E11: Pełna | G11: Do zrobienia
A12: 1.8 | B12: ELI API na żywo | C12: Wznowić sesję Claude Code i zlecić workflow CI z testem kontraktu; pull request otworzyć dopiero z nimi. | D12: Wznowienie sesji | E12: Pełna | G12: Zrobione
A13: 2.1 | B13: Ręcznie wpisany tekst prawa | C13: Niezmiennik w bazie: żadna wersja przepisu nie istnieje bez snapshotu z ELI i sumy SHA-256. | D13: Brak | E13: Pełna | F13: 1.1 | G13: Zrobione
A14: 2.2 | B14: Ręcznie wpisany tekst prawa | C14: Test w CI blokujący dane startowe z tekstem prawa wpisanym ręcznie. | D14: Brak | E14: Pełna | G14: Zrobione
A15: 2.3 | B15: Ręcznie wpisany tekst prawa | C15: Usunąć ręcznie wpisane art. 28 i 29 Prawa budowlanego; tekst urzędowy wstawia pierwsza synchronizacja, typ i status liczą się z metadanych ELI. | D15: Brak | E15: Pełna | F15: 1.1 | G15: Zrobione
A16: 2.4 | B16: Ręcznie wpisany tekst prawa | C16: § 12 warunków technicznych: automat znajduje i podpina przepisy przejściowe aktu uchylającego. | D16: Ocena, do jakich spraw przepis stosuje się dalej (interpretacja) | E16: Częściowa | F16: 1.1 | G16: Zrobione | I16: Metadane ELI mówią tylko, że przepis uchylono i którym aktem.
A17: 3.1 | B17: Treści redakcyjne | C17: Warstwa automatyczna publikowana bez człowieka: tekst urzędowy, metryka, typ, status, nowelizacje. | D17: Brak | E17: Pełna | F17: 2.1 | G17: Zrobione
A18: 3.2 | B18: Treści redakcyjne | C18: Słowniczek jako dosłowne definicje ustawowe (np. z art. 3 Prawa budowlanego) wyciągane przez parser – cytat, nie interpretacja. | D18: Brak | E18: Pełna | F18: 1.1 | G18: Zrobione
A19: 3.3 | B19: Treści redakcyjne | C19: AI pisze szkice objaśnień, ścieżek i werdyktów kreatora wyłącznie z tekstu urzędowego; każde zdanie przypięte do konkretnego przepisu. | D19: Przegląd przed publikacją (3.6) | E19: Częściowa | F19: 2.1 | G19: W toku
A20: 3.4 | B20: Treści redakcyjne | C20: Walidatory: każda liczba, data i odesłanie musi występować w źródle; zdania bez cytatu są odrzucane. | D20: Brak | E20: Pełna | F20: 3.3 | G20: Zrobione
A21: 3.5 | B21: Treści redakcyjne | C21: Po zmianie źródła treść jest automatycznie zawieszana, a AI przygotowuje nowy szkic. | D21: Brak | E21: Pełna | F21: 3.3 | G21: Zrobione
A22: 3.6 | B22: Treści redakcyjne | C22: Kolejka przeglądu: prawnik widzi tylko różnice i zatwierdza albo odrzuca; przegląd merytoryczny i podpisany imiennie (może być zewnętrzny, np. kancelaria na ryczałcie). | D22: Merytoryczny przegląd i odpowiedzialność redakcyjna | E22: Częściowa | F22: 3.4 | G22: Zrobione | I22: Minuty na zmianę zamiast godzin pisania.
A23: 3.7 | B23: Treści redakcyjne | C23: Ocena prawna, czy objaśnienia prawa budowlanego to „sprawy interesu publicznego” w rozumieniu art. 50 ust. 4 AI Act. | D23: Opinia prawnika | E23: Decyzja człowieka | G23: Do zrobienia | I23: Zob. arkusz Ryzyka.
A24: 3.8 | B24: Treści redakcyjne | C24: Decyzja operatora: pełna automatyzacja czy warstwa z przeglądem; dopisać do punktu „model odpowiedzialności” w docs/stan-prac.md. | D24: Decyzja operatora | E24: Decyzja człowieka | F24: 3.7 | G24: Do zrobienia
A25: 4.1 | B25: Kreator | C25: Automat zamienia wyliczenia z art. 29–30 Prawa budowlanego na reguły z warunkami (rodzaj obiektu, powierzchnia, położenie) i odesłaniem do przepisu. | D25: Zatwierdzenie gałęzi z werdyktem (kolejka 3.6) | E25: Częściowa | F25: 2.3 | G25: W toku | I25: Przyspiesza gałęzie dla garaży, wiat i ogrodzeń.
A26: 4.2 | B26: Kreator | C26: Do czasu zatwierdzenia: obecny komunikat plus automatyczna lista pasujących przepisów z etykietą „przepisy do sprawdzenia, nie odpowiedź”. | D26: Brak | E26: Pełna | F26: 2.3 | G26: Zrobione
A27: 5.1 | B27: Trafność wyszukiwania | C27: Maszynowo budowany zestaw testowy: formy odmiany (np. generatorem Morfeusz 2) i potoczne warianty dla każdego hasła i przepisu, z oczekiwanym wynikiem. | D27: Brak | E27: Pełna | F27: 1.1 | G27: Zrobione
A28: 5.2 | B28: Trafność wyszukiwania | C28: CI porównuje trzy warianty: obecny stemmer, PostgreSQL ze słownikiem Hunspell pl_PL w obrazie Dockera, lematyzację przy indeksowaniu; wygrywa najlepszy wynik. | D28: Brak | E28: Pełna | F28: 5.1 | G28: Zrobione
A29: 5.3 | B29: Trafność wyszukiwania | C29: Każdy spadek trafności blokuje scalenie zmian. | D29: Brak | E29: Pełna | F29: 5.2 | G29: W toku
A30: 5.4 | B30: Trafność wyszukiwania | C30: Na produkcji zapytania bez wyników (bez danych osobowych) automatycznie zasilają propozycje synonimów. | D30: Brak | E30: Pełna | F30: 5.2 | G30: Zrobione

Sheet Ryzyka
A1: Koszty pełnej automatyzacji treści redakcyjnych
A3: Ryzyko | B3: Opis | C3: Źródło | D3: Status weryfikacji
A4: Ryzyko dla inwestora | B4: Błędne „wystarczy zgłoszenie” może skończyć się samowolą budowlaną; odpowiedzialność zostaje przy operatorze, nie przy modelu. | C4: Analiza z 21.10.2026 | D4: —
A5: AI Act, art. 50 ust. 4 | B5: Tekst wygenerowany przez AI i publikowany w celu informowania o sprawach interesu publicznego trzeba oznaczyć, chyba że przeszedł ludzki przegląd lub kontrolę redakcyjną, a ktoś ponosi za niego odpowiedzialność redakcyjną. Komisja interpretuje ten wyjątek wąsko: pobieżne zatwierdzenie nie wystarcza. | C5: Wytyczne Komisji Europejskiej do art. 50 (20.07.2026); omówienie Greenberg Traurig (06.2026) – adresy w arkuszu Źródła | D5: Do potwierdzenia przez prawnika, czy objaśnienia to „sprawy interesu publicznego”
A6: Niezgodność z planem | B6: Pełna automatyzacja łamie bramkę B (zatwierdzenie treści przez niezależnego prawnika) i problem P0 z audytu. | C6: Plan aplikacji; audyt z 18.10.2026 | D6: —

Sheet Źródła
A1: Źródła
A3: Źródło | B3: Do czego | C3: Adres
A4: Specyfikacja OpenAPI ELI API (Kancelaria Sejmu) | B4: Generowanie modeli danych i walidacja odpowiedzi (1.4) | C4: https://api.sejm.gov.pl/eli/openapi/
A5: Dokumentacja ELI API | B5: Pola metryki, powiązania, tekst HTML | C5: https://api.sejm.gov.pl/eli_pl.html
A6: Komisja Europejska – wytyczne do art. 50 AI Act (20.07.2026) | B6: Obowiązki przejrzystości, wyjątek dla tekstu z przeglądem redakcyjnym | C6: https://digital-strategy.ec.europa.eu/en/library/guidelines-transparency-obligations-providers-and-deployers-ai-systems
A7: Greenberg Traurig – omówienie projektu wytycznych (06.2026) | B7: Wąska interpretacja wyjątku dla tekstu z przeglądem | C7: https://www.gtlaw.com/en/insights/2026/6/deepfakes-chatbots-ai-generated-text-european-commission-details-transparency-obligations-under-the-ai-act
A8: docs/stan-prac.md (20.10.2026) | B8: Stan prototypu i decyzje otwarte z etapu 0 | C8: dokument zespołu
